Workbook

Sheet Přehled
A1: Přehled fotodokumentace úprav VZT – Mondelez Werk 2
A2: Počet záznamů = počet vyplněných textů k foto na listu. Kliknutím na označení přejdete na list.
A4: Označení | B4: Počet záznamů | C4: Poslední datum | D4: Poznámka
A5: VZT 1.1 | B5: =COUNTA('VZT 1.1'!D5:D24) -> 5 | C5: =IF(COUNT('VZT 1.1'!B5:B24)=0,"",MAX('VZT 1.1'!B5:B24))
A6: VZT 1.2 | B6: =COUNTA('VZT 1.2'!D5:D24) -> 0 | C6: =IF(COUNT('VZT 1.2'!B5:B24)=0,"",MAX('VZT 1.2'!B5:B24))
A7: VZT 2.1 | B7: =COUNTA('VZT 2.1'!D5:D24) -> 5 | C7: =IF(COUNT('VZT 2.1'!B5:B24)=0,"",MAX('VZT 2.1'!B5:B24))
A8: VZT 2.2 | B8: =COUNTA('VZT 2.2'!D5:D24) -> 0 | C8: =IF(COUNT('VZT 2.2'!B5:B24)=0,"",MAX('VZT 2.2'!B5:B24))
A9: VZT 3.1 | B9: =COUNTA('VZT 3.1'!D5:D24) -> 5 | C9: =IF(COUNT('VZT 3.1'!B5:B24)=0,"",MAX('VZT 3.1'!B5:B24))
A10: VZT 3.2 | B10: =COUNTA('VZT 3.2'!D5:D24) -> 0 | C10: =IF(COUNT('VZT 3.2'!B5:B24)=0,"",MAX('VZT 3.2'!B5:B24))
A11: VZT 4.1 | B11: =COUNTA('VZT 4.1'!D5:D24) -> 5 | C11: =IF(COUNT('VZT 4.1'!B5:B24)=0,"",MAX('VZT 4.1'!B5:B24))
A12: VZT 4.2 a_b_c_d | B12: =COUNTA('VZT 4.2 a_b_c_d'!E5:E24) -> 2 | C12: =IF(COUNT('VZT 4.2 a_b_c_d'!C5:C24)=0,"",MAX('VZT 4.2 a_b_c_d'!C5:C24))
A13: VZT 5.1 | B13: =COUNTA('VZT 5.1'!D5:D24) -> 5 | C13: =IF(COUNT('VZT 5.1'!B5:B24)=0,"",MAX('VZT 5.1'!B5:B24))
A14: VZT 10.1 | B14: =COUNTA('VZT 10.1'!D5:D24) -> 0 | C14: =IF(COUNT('VZT 10.1'!B5:B24)=0,"",MAX('VZT 10.1'!B5:B24))
A15: Odpad | B15: =COUNTA(Odpad!D5:D24) -> 0 | C15: =IF(COUNT(Odpad!B5:B24)=0,"",MAX(Odpad!B5:B24))
A16: Celkem | B16: =SUM(B5:B15) -> 27

Sheet VZT 1.1
A1: Fotodokumentace provedených úprav – VZT 1.1
A2: Mondelez Werk 2, Lörrach – 25_336. Foto se vkládá do sloupce C (Insert > Pictures > Place in Cell, nebo přetáhnout na buňku); popis a datum žlutě.
A4: Č. | B4: Datum | C4: Foto | D4: Text k foto
A5: 1 | D5: Svorkovnice – zakončený a svinutý šedý kabel, zajištěný stahovacími páskami.
A6: 2 | D6: Ventilátorová sekce jednotky Daikin – uvnitř odložena dokumentace (Installation and operation manual, option kit) a sáček s příslušenstvím.
A7: 3 | D7: Otevřený rozvaděč jednotky – hlavní vypínač ABB, pojistky FU1–FU7, regulátor MicroTech 4, svorkovnice.
A8: 4 | D8: Rozbočovací krabice – vodiče připojené svorkami WAGO, přívodní kabely.
A9: 5 | D9: Celkový pohled na jednotky Daikin na střeše – ocelová konstrukce, lávka se zábradlím a schody, izolované potrubí.
A10: 6
A11: 7
A12: 8
A13: 9
A14: 10
A15: 11
A16: 12
A17: 13
A18: 14
A19: 15
A20: 16
A21: 17
... A24: 20

Sheet VZT 1.2
A1: Fotodokumentace provedených úprav – VZT 1.2
A2: Mondelez Werk 2, Lörrach – 25_336. Foto se vkládá do sloupce C (Insert > Pictures > Place in Cell, nebo přetáhnout na buňku); popis a datum žlutě.
A4: Č. | B4: Datum | C4: Foto | D4: Text k foto
A5: 1
A6: 2
A7: 3
A8: 4
A9: 5
A10: 6
A11: 7
A12: 8
A13: 9
A14: 10
A15: 11
A16: 12
... A24: 20

Sheet VZT 2.1
A1: Fotodokumentace provedených úprav – VZT 2.1
A2: Mondelez Werk 2, Lörrach – 25_336. Foto se vkládá do sloupce C (Insert > Pictures > Place in Cell, nebo přetáhnout na buňku); popis a datum žlutě.
A4: Č. | B4: Datum | C4: Foto | D4: Text k foto
A5: 1 | D5: Rozbočovací krabice – svorkovnice N, PE, L1, L2, L3 s označenými vodiči, přívod v ohebné chráničce.
A6: 2 | D6: Rozvaděč jednotky Systemair – řídicí jednotka, jističe F1–F3, zdroj 24 V (T24), svorkovnice X1.
A7: 3 | D7: Uzavřená rozbočovací krabice na boku jednotky, kabel vedený ohebnou chráničkou.
A8: 4 | D8: Pohled na střechu – izolované potrubí na podpůrné konstrukci, jednotka s krytem.
A9: 5 | D9: Detail řídicí jednotky Systemair – komunikační svorky, síťový kabel, vstupy a výstupy.
A10: 6
A11: 7
A12: 8
A13: 9
A14: 10
A15: 11
A16: 12
A17: 13
A18: 14
A19: 15
A20: 16
A21: 17
... A24: 20

Sheet VZT 2.2
A1: Fotodokumentace provedených úprav – VZT 2.2
A2: Mondelez Werk 2, Lörrach – 25_336. Foto se vkládá do sloupce C (Insert > Pictures > Place in Cell, nebo přetáhnout na buňku); popis a datum žlutě.
A4: Č. | B4: Datum | C4: Foto | D4: Text k foto
A5: 1
A6: 2
A7: 3
A8: 4
A9: 5
A10: 6
A11: 7
A12: 8
A13: 9
A14: 10
A15: 11
A16: 12
... A24: 20

Sheet VZT 3.1
A1: Fotodokumentace provedených úprav – VZT 3.1
A2: Mondelez Werk 2, Lörrach – 25_336. Foto se vkládá do sloupce C (Insert > Pictures > Place in Cell, nebo přetáhnout na buňku); popis a datum žlutě.
A4: Č. | B4: Datum | C4: Foto | D4: Text k foto
A5: 1 | D5: Čelní panel jednotky Daikin – kontrolky GENERAL ALARM (červená) a SYSTEM (zelená), pod ním kabelové průchodky; průhledné okno zamlžené.
A6: 2 | D6: Přívod napájení – jistič ABB Tmax XT1 (In = 32 A), proudový chránič F202 25 A / 30 mA, přípojka PE, štítek EXTERNAL POWER SUPPLY.
A7: 3 | D7: Celkový pohled na jednotku Daikin na střeše – panel s nouzovým STOP, izolované potrubí na ocelové konstrukci, zábradlí.
A8: 4 | D8: Detail podlahy jednotky – potrubí v prostupu s třmenem, závitové tyče, stopy rzi a nečistot na plechu.
A9: 5 | D9: Pohled na jednotku a okolí – volně položené kabely na střeše, ocelová konstrukce, střešní ventilátor.
A10: 6
A11: 7
A12: 8
A13: 9
A14: 10
A15: 11
A16: 12
A17: 13
A18: 14
A19: 15
A20: 16
A21: 17
... A24: 20

Sheet VZT 3.2
A1: Fotodokumentace provedených úprav – VZT 3.2
A2: Mondelez Werk 2, Lörrach – 25_336. Foto se vkládá do sloupce C (Insert > Pictures > Place in Cell, nebo přetáhnout na buňku); popis a datum žlutě.
A4: Č. | B4: Datum | C4: Foto | D4: Text k foto
A5: 1
A6: 2
A7: 3
A8: 4
A9: 5
A10: 6
A11: 7
A12: 8
A13: 9
A14: 10
A15: 11
A16: 12
... A24: 20

Sheet VZT 4.1
A1: Fotodokumentace provedených úprav – VZT 4.1
A2: Mondelez Werk 2, Lörrach – 25_336. Foto se vkládá do sloupce C (Insert > Pictures > Place in Cell, nebo přetáhnout na buňku); popis a datum žlutě.
A4: Č. | B4: Datum | C4: Foto | D4: Text k foto
A5: 1 | D5: Detail řídicí jednotky MicroTech 4 (MT3105) – komunikační kabel s konektorem RJ45, označený šedý kabel, svorkovnice 101–126.
A6: 2 | D6: Otevřený rozvaděč jednotky – hlavní vypínač ABB QS1, pojistky FU1–FU7, regulátor MicroTech 4, svorkovnice.
A7: 3 | D7: Vodní větev v jednotce – lisované pozinkované potrubí, třícestný ventil s pohonem, odvzdušňovací ventil, označení spojů.
A8: 4 | D8: Pohled podél výměníku – manometry, ventily, kabeláž vedená po stropě jednotky a řídicí modul Daikin.
A9: 5 | D9: Ventilátorová sekce – radiální ventilátor, kabely stažené páskami; v sekci odložené krabice s příslušenstvím Daikin, filtry a dokumentace.
A10: 6
A11: 7
A12: 8
A13: 9
A14: 10
A15: 11
A16: 12
A17: 13
A18: 14
A19: 15
A20: 16
A21: 17
... A24: 20

Sheet VZT 4.2 a_b_c_d
A1: Fotodokumentace provedených úprav – VZT 4.2 a_b_c_d
A2: Mondelez Werk 2, Lörrach – 25_336. Foto se vkládá do sloupce C (Insert > Pictures > Place in Cell, nebo přetáhnout na buňku); popis a datum žlutě.
A4: Č. | B4: Část (a/b/c/d) | C4: Datum | D4: Foto | E4: Text k foto
A5: 1 | E5: Pohled na jednotku Daikin a dvojici venkovních jednotek VRV IV Loop – ocelová konstrukce, lávka se schody a zábradlím, izolované potrubí chladiva.
A6: 2 | E6: Dvojice venkovních jednotek Daikin VRV IV Loop na ocelovém rámu vedle lávky k vzduchotechnické jednotce; izolované přípojky chladiva.
A7: 3
A8: 4
A9: 5
A10: 6
A11: 7
A12: 8
A13: 9
A14: 10
A15: 11
A16: 12
A17: 13
A18: 14
... A24: 20

Sheet VZT 5.1
A1: Fotodokumentace provedených úprav – VZT 5.1
A2: Mondelez Werk 2, Lörrach – 25_336. Foto se vkládá do sloupce C (Insert > Pictures > Place in Cell, nebo přetáhnout na buňku); popis a datum žlutě.
A4: Č. | B4: Datum | C4: Foto | D4: Text k foto
A5: 1 | D5: Čelní panel jednotky Daikin – displej, kontrolky GENERAL ALARM a SYSTEM ON, vypínač, nouzové tlačítko EMERGENCY STOP, kabel v ohebné chráničce.
A6: 2 | D6: Sekce filtrů – dodané kapsové filtry (DriPak GX, ePM10 60 %) zatím v původních krabicích.
A7: 3 | D7: Vodní větev v jednotce – teploměry/manometry, třícestný ventil s pohonem, vyvažovací ventil, izolované potrubí.
A8: 4 | D8: Detail přípojky výměníku – izolované potrubí, odvzdušňovací ventil, kabeláž a řídicí modul Daikin na stropě sekce.
A9: 5 | D9: Ventilátorová sekce – dva radiální ventilátory, kabeláž upevněná stahovacími páskami, vypouštěcí kohout na dveřích.
A10: 6
A11: 7
A12: 8
A13: 9
A14: 10
A15: 11
A16: 12
A17: 13
A18: 14
A19: 15
A20: 16
A21: 17
... A24: 20

Sheet VZT 10.1
A1: Fotodokumentace provedených úprav – VZT 10.1
A2: Mondelez Werk 2, Lörrach – 25_336. Foto se vkládá do sloupce C (Insert > Pictures > Place in Cell, nebo přetáhnout na buňku); popis a datum žlutě.
A4: Č. | B4: Datum | C4: Foto | D4: Text k foto
A5: 1
A6: 2
A7: 3
A8: 4
A9: 5
A10: 6
A11: 7
A12: 8
A13: 9
A14: 10
A15: 11
A16: 12
... A24: 20

Sheet Odpad
A1: Fotodokumentace provedených úprav – Odpad
A2: Mondelez Werk 2, Lörrach – 25_336. Foto se vkládá do sloupce C (Insert > Pictures > Place in Cell, nebo přetáhnout na buňku); popis a datum žlutě.
A4: Č. | B4: Datum | C4: Foto | D4: Text k foto
A5: 1
A6: 2
A7: 3
A8: 4
A9: 5
A10: 6
A11: 7
A12: 8
A13: 9
A14: 10
A15: 11
A16: 12
... A24: 20
